FullPeptideName,ProteinName,Concentration
VAADFLAK,P00509,200
SVFDTLATAAK,P00805,200
LSEALEQVR,P00893,200
LDAFLASIR,P00894,200
LGLIEVQAPILSR,P00963,200
STVEAIWAGIK,P00963,200
FNDLLATLK,P04693,200
VATIQTLGGSGALK,P04693,200
QVSFALR,P05791,200
VVAGDVVVIR,P05791,200
AAAPAFSEESIR,P08142,200
DIVLAIIGK,P0A6A6,200
SVDGIQVGEGR,P0AB80,200
IAVYSSLIK,P0AC38,200
ISDIPEFVR,P0AC38,200
LSIVDVNAGAQPLYNQQK,P22106,200
ANVLQSSILWR,P30125,200
LSDAEVDELFALVK,P30126,200
TGFGAHLFNDWR,P30126,200
GLANPLTVTR,P00903,225
TSPITHNGEGVFR,P00903,225
APFSAFLR,P05041,225
LEQGAILSLSPER,P05041,225
FGEIEEVELGR,P06959,225
DGIASAILPGR,P08192,225
FQIVSESPR,P08192,225
NIGIYPEIK,P09394,225
LGVLGFEVDHER,P0A6A3,225
GAIFGLTR,P0A6F3,225
ASLILTK,P0A6I3,225
IPYIISIAGSVAVGK,P0A6I3,225
EWSFISSSLVK,P0A6I6,225
IFANPEEK,P0A6I9,225
LAVADDVIDNNGAPDAIASDVAR,P0A6I9,225
AWQVSDAVK,P0A9J4,225
QGHEVQGWLR,P0A9J4,225
LNAPVDEQGR,P0A9M8,225
TGGDAPDQTTTIVR,P0A9M8,225
AAATQHNLEVLASR,P0ABQ0,225
VIPVVEAIAQR,P0AC13,225
YFIEQIAR,P0AC13,225
FNSPWVR,P0AC16,225
VAEEVAELLLAR,P0AC16,225
WLDAPAAAALTK,P0AFC0,225
VQLLGSGSILR,P0AFG8,225
GLLLDEWR,P10908,225
TSNGWGVAGELNWQDLLR,P10908,225
GLVNATGPWVK,P13035,225
VSQWLVEYTQQR,P13035,225
IAEAAVVGIPHNIK,P27550,225
LVITSDEGVR,P27550,225
NFLAETGDIR,P31057,225
ADDIQIR,P31663,225
DLDEIITIAGQELNEK,P31663,225
QILNWAEAHPR,P07000,250
ALGVGEVK,P0A6Q3,250
LIYTASDLK,P0A6Q3,250
VLDFEEGR,P0A6Q6,250
SQLDWLVPHQANLR,P0A6R0,250
AFTDFFAR,P0A722,250
GTVQGGGLTK,P0A722,250
AVGPYVVTK,P0A953,250
ALIGFAGPR,P0A9Q5,250
ASTPLGVGGFGAAR,P0AAI5,250
TIFGEAASR,P0AAI5,250
ITFNAPTVPVVNNVDVK,P0AAI9,250
QLYNPVQWTK,P0AAI9,250
AIVGGIAR,P0ABD5,250
LIDSIIPEPLGGAHR,P0ABD5,250
AFIEVGQK,P0ABD8,250
SFASLSLR,P0ACU5,250
AGILAQVPAGR,P0AEK2,250
AGLIGFSK,P0AEK2,250
ASLEANVR,P0AEK4,250
VNAISAGPIR,P0AEK4,250
TLVLVIGESTQR,P0CB39,250
ATDLVLAFLPFEK,P10441,250
DSWYDLDAHYDALETR,P21515,250
FWQFYPR,P21515,250
TNVDLQIR,P24182,250
EELAQHQEGVLDIIQR,P30845,250
AEDFNGWLLNR,P76472,250
SNAASLYGWDILLAGTAWPGK,P76472,250
FVSGDEFANWLNQHR,P76473,250
VVESSSYYGK,P77398,250
APQAEVLTPGYK,P77690,250
IYTDVR,P77757,250
LWHEPVSPR,Q47377,250
DVIAEPYR,P00547,400
FFAALAR,P00561,400
GELVVLGR,P00561,400
ILDEAGLPGELR,P00562,400
NNAGETVLLGR,P00562,400
FLVAQSGVLITQVR,P00861,400
LDFVTR,P00934,400
VVILYPR,P00934,400
AAAGISETLLR,P00935,400
VPGTIGFATVR,P04036,400
LGVTTSWFDPLIGADIVK,P06721,400
VAEWLAEHPQVAR,P06721,400
GFDDSFLAPHSR,P07623,400
GFLAEVFGILAR,P08660,400
LNEGLVITQGFIGSENK,P08660,400
LDIAWK,P0A6K1,400
ELGLVATDTLR,P0A6L2,400
LFVEPNPIPVK,P0A6L2,400
SPFVTSGIR,P0A825,400
INDNQVIEGAESR,P0A9D8,400
VGINELLR,P0A9D8,400
ELTPAAVTGTLTTPVGR,P0A9Q9,400
ESGWQGYWIDAASSLR,P0A9Q9,400
GALDDEQLK,P0A9T0,400
AQVLALLEK,P0AED7,400
GELDFTASLR,P0AGB0,400
SGWLLYGR,P0AGB0,400
GVVGLFPANR,P13009,400
YVAGVLGPTNR,P13009,400
DNLTYIADK,P23256,400
GVAGLINAIR,P23256,400
DLLNVPSNYK,P23721,400
NIGPAGLTIVIVR,P23721,400
SWFAFALQK,P25665,400
EAYELVAPILTK,P00350,75
NLALNIESR,P00350,75
AAIAAAQANPNAK,P00363,75
LGSNSLAELVVFGR,P00363,75
HVLLLSR,P00864,75
LPVEFVPVR,P00864,75
AAEQYVIDEYNK,P07658,75
TDWQIISEIATR,P07658,75
GAVASLTSVAK,P09373,75
YPQLTIR,P09373,75
IIASVAEK,P0A7Z0,75
VSTEVDAR,P0A867,75
ILDWYK,P0A870,75
LASTWQGIR,P0A870,75
TWFELAPK,P0A8Q0,75
VLAFAQSFIGR,P0A8Q3,75
AAALAAADAR,P0A9Q7,75
LLAWLETLK,P0A9Q7,75
ALHLVDNTDIAR,P0AAK1,75
APPAPPAPAR,P0AAK1,75
DNLAPDLSYR,P0AC47,75
HVDPAAAIQQGK,P0AC47,75
LQPDEGVDIQVLNK,P0AC53,75
WAGVPFYLR,P0AC53,75
DQLTVTVK,P16431,75
VPAAVWGER,P16431,75
HADILLFTGAVTR,P16433,75
WLEAENDPR,P16433,75
VFLNIGDK,P21599,75
TEEQLANIAR,P27302,75
TVIGFGSPNK,P33570,75
VVGLELAK,P37351,75
WLPLPGGLR,P06282,150
LPIDLSQLK,P0A6B7,150
NAGIEVVEALK,P0A6H8,150
FQDLQR,P0A6L9,150
NILVVVPSHVFGEVLR,P0A6S7,150
GGIEYIEVR,P0A6W9,150
SLADIQQR,P0A6Z1,150
ADLLTLR,P0A7A7,150
VYQLLAELITSDVR,P0A7A7,150
VNLVEQLESLSVTK,P0A8K1,150
VTDEDLVVEIPR,P0A9R4,150
LLYNYLVK,P0AA84,150
SLQFLDGTQLDFVK,P0AAC8,150
VNTFLANR,P0AAC8,150
EIIISALR,P0ABF8,150
FGAFLDPVADK,P0ABF8,150
IGSEYHELSGR,P0ABN1,150
SLDEAQAIK,P0ACD4,150
VNDEGIIEDAR,P0ACD4,150
SIADQIDINK,P18956,150
TWLVTGSPGGSR,P18956,150
LQYYVNTDQLVVR,P23830,150
VALELVK,P27247,150
TSGSGNPGATNVLR,P60782,150
IFTGDEILPALVSTLK,P76407,150
IINEVNGISR,P04079,125
WLAQGTIYPDVIESAASATGK,P04079,125
EFPLPTYATSGSAGLDLR,P06968,125
DAGVDIDAGNALVGR,P08178,125
SEIIDGSK,P08178,125
HPAFVNR,P09029,125
WPETALTR,P09029,125
SLVLDIK,P0A720,125
YIVIEGLEGAGK,P0A720,125
DLLGATNPANALAGTLR,P0A763,125
NVIGNIFAR,P0A763,125
YVDYVLGILK,P0A7D4,125
GEVVLGDEFSPDGSR,P0A7D7,125
LEFGLYK,P0A7D7,125
FEDFEIEGYDPHPGIK,P0A884,125
HIDQITTVLNQLK,P0A884,125
GIFSEYGLLK,P0AB89,125
ELQLVYNK,P0ABA6,125
ILEVPVGR,P0ABB0,125
VVNTLGAPIDGK,P0ABB0,125
GVQSILQR,P0ABB4,125
YTLAGTEVSALLGR,P0ABB4,125
LVPEGIEGR,P0ADG7,125
DVAPGEAIYITEEGQLFTR,P0AG16,125
DVDQGYLDFLDTLR,P0AG16,125
AGLVGFSVSNLR,P15254,125
GSPALSAFR,P15254,125
AGIVEFAQALSAR,P15639,125
GVELLSTGGTAR,P15639,125
IDLTIVGPEAPLVK,P15640,125
IFGPTAGAAQLEGSK,P15640,125
DIEAWLDEGR,P28248,125
LIQESILR,P28903,125
NNLGVISLNLPR,P28903,125
AFLGLPVGGIR,P33221,125
FADSESLFR,P33221,125
DEAVHGYYIGYK,P37146,125
DAFLEHAEVFGNYYGTSR,P60546,125
SSLIQALLK,P60546,125
FLEGAAR,P68699,125
QPDLIPLLR,P68699,125
IILLGAPGAGK,P69441,125
NGFLLDGFPR,P69441,125
DWADYLFR,P69924,125
YQTLLDSIQGR,P69924,125
FFTGQITAAGK,P07001,100
VIGYTDLPGR,P07001,100
QLLGASSDR,P08395,100
FLSAPEAVEYGLVDSILTHR,P0A6G7,100
SFDIYSR,P0A6G7,100
IYLAETPWFNISATIIR,P0A752,100
GYEVIVEQQIAHELQLK,P0A7B3,100
VLVEGLQR,P0A9M0,100
ASVDAILK,P0AB67,100
EITAEETAELLK,P0AB67,100
IGLNPTGR,P0AEE3,100
EQFGLELPR,P0AFV4,100
TGDLVLFR,P0AFV4,100
VWVLDFK,P0AG14,100
NFLLTEALR,P10902,100
SNAVDLIVSDK,P10902,100
HPASTLLVAGVR,P11458,100
LGIDPQSK,P18133,100
VQLSFGIGTR,P18133,100
SYLQTYPFIK,P18843,100
YGDGGTDINPLYR,P18843,100
TSLDDWLR,P21369,100
ALVVGEPTFGK,P23865,100
LDDVVALIK,P23865,100
QQASIGTQIDK,P23898,100
QTEVPGFYAANYR,P24555,100
ENHIIASGSVR,P30011,100
ELLEANWYR,P32664,100
GVQLAEFYR,P32664,100
VPDLTPQQATDITAFANK,P37056,100
AFNLDVQR,P39099,100
VLPAVVSVR,P39099,100
QGVIIPTANVR,P75867,100
VILVGER,P75867,100
LLADIDWQALVAR,P76008,100
LTTPNTIVLAVR,P76008,100
AISVTGFR,P76176,100
YEIHDIEGR,P76176,100
GTADHVGVYVGNGK,P76190,100
GPLTTPVGGGIR,P08200,475
TVTYDFER,P08200,475
YYQGTPSPVK,P08200,475
LGADGNALFR,P0A836,475
IGAGPWVVK,P0A836,475
GISYETATFPWAASGR,P0A9P0,475
ATVLATGGAGR,P0AC41,475
LPGILELSR,P0AC41,475
VTGQALTVNEK,P0AC41,475
GYEVGGTVR,P0AFG3,475
LNVLVNVLGK,P0AFG3,475
ELLEDPTR,P0AFG6,475
GLVTPVLR,P0AFG6,475
ESAPAAAAPAAQPALAAR,P0AFG6,475
FAALEAAGVK,P0AGE9,475
SLADIGEALK,P0AGE9,475
SGTLTYEAVK,P0AGE9,475
GTFANIR,P25516,475
VVIAESFER,P25516,475
FGDDEAFEENVR,P25516,475
SPLLTPEK,P36683,475
FGLSLVR,P61889,475
LFGVTTLDIIR,P61889,475
SDLFNVNAGIVK,P61889,475
IYAYLSR,P06999,450
LTQLISAAQK,P06999,450
FGANAILAVSLANAK,P0A6P9,450
GIANSILIK,P0A6P9,450
IQLVGDDLFVTNTK,P0A6P9,450
LLSNFFAQTEALAFGK,P0A6T1,450
AVLHVALR,P0A6T1,450
ATVLGHIQR,P0A796,450
GGTFLGSAR,P0A796,450
EDLVNEIK,P0A796,450
LTVLDSLSK,P0A799,450
VATEFSETAPATLK,P0A799,450
ASLPTIELALK,P0A799,450
ADAFAVIVK,P0A858,450
SATPAQAQAVHK,P0A858,450
LDLFANEK,P0A993,450
TLGEFIVEK,P0A993,450
AGIALNDNFVK,P0A9B2,450
GASQNIIPSSTGAAK,P0A9B2,450
VLDLIAHISK,P0A9B2,450
VPTPNVSVVDLTVR,P0A9B2,450
GTIDLNLPLADNLR,P0A9C9,450
LIVGPGAK,P0A9C9,450
ANEAYLQGQLGNPK,P0AB71,450
DSVSYGVVK,P0AB71,450
GVVPQLVK,P0AD61,450
EITSTDDFYR,P0AD61,450
TLNLTALYR,P21599,450
GLPADVVPGDILLLDDGR,P21599,450
ALLEFDDQEPQLQNEIR,P23538,450
LEFIINR,P23538,450
EAYAQLSADDENASFAVR,P23538,450
AFFANPVLTGAVDK,P37689,450
ILINSPK,P37689,450
ELPLTESLALTIDR,P62707,450
VIIAAHGNSLR,P62707,450
HYGALQGLNK,P62707,450
AAVLPANLIQAQR,P00350,375
GYTVSIFNR,P00350,375
LIEPLIR,P04825,375
TVVTAVSQAVR,P04825,375
APLYPDDILWNFEK,P06610,375
AIAQVGTISANSDETVGK,P0A6F5,375
LAGGVAVIK,P0A6F5,375
SAGGIVLTGSAAAK,P0A6F9,375
VGDIVIFNDGYGVK,P0A6F9,375
ALQAIAGPFSQVR,P0A955,375
VLEVTLR,P0A955,375
LTSENPIDLVR,P0A991,375
NGLLLAR,P0A9Q1,375
SLIGPDGEQYK,P0A9Q1,375
EAADIILLEK,P0ABB8,375
ILTGDSELVAAK,P0ABB8,375
ATFVVDPQGIIQAIEVTAEGIGR,P0AE08,375
EGEATLAPSLDLVGK,P0AE08,375
IEYVYQSAEQLR,P19926,375
NADALTLQAPAQR,P19926,375
LFWLSQTPFEQR,P21179,375
LIPEELVPVQR,P21179,375
NALQELIIDGIK,P24182,375
SGFIFIGPK,P24182,375
GVFNLVLGR,P25553,375
IVDEIGLPR,P25553,375
ASLSAFDYLIR,P35340,375
SIIVATGAK,P35340,375
ALVQESIYER,P37685,375
ETSAADVPLAIDHFR,P37685,375
SGSGTLTVSNTTLTQK,P39180,375
LVLDGIEVVGSLVGTR,P39451,375
VIAIDVNDEQLK,P39451,375
TLWVPALK,P52697,375
YLIAAGQK,P52697,375
DLDVTATNR,P61517,375
TAIVEGLAQR,P63284,375
LGAAVATLK,P77674,375
FGLIPEFIGR,P0A6H1,500
ATGLDALFDATIK,P0A6K6,500
FGASSLLASLLK,P0A6L0,500
IATDPFVGNLTFFR,P0A6M8,500
YLGGEELTEAEIK,P0A6M8,500
FEVGEGIEK,P0A6P1,500
IGVLVAAK,P0A6P1,500
LESLVEDLVNR,P0A6Y8,500
GISLLDAFGAANDVLK,P0A9A6,500
LDEFETVGNTIR,P0A9A6,500
LIDGTVFDSSVAR,P0A9L3,500
VINQGEGAIPAR,P0A9L3,500
TLAEGQNVEFEIQDGQK,P0A9Y6,500
ALGANLVLTEGAK,P0ABK5,500
IQGIGAGFIPANLDLK,P0ABK5,500
IALESVLLGDK,P0ABP8,500
AAQEEEFSLELR,P0ABS1,500
AVQLGGVALGTTQVINSK,P0ABT2,500
DDDTADILTAASR,P0ABT2,500
EGDAVQLVGFGTFK,P0ACF0,500
IAAANVPAFVSGK,P0ACF0,500
AETLYYIVK,P0ACJ8,500
AGENVGVLLR,P0CE47,500
ADDFIEALFAR,P10121,500
LVIPPELAYGK,P45523,500
VTDAEIAEVLAR,P63284,500
YWDVELR,P69908,500
LEEDDVATPGEGQVLLR,P76113,500
VVGVAGGAEK,P76113,500
AEGALLINAVGVDDVK,P76621,500
LLELTFTEQTTK,P76621,500
TPAQIVIR,Q46857,500
IIDDAVAR,P04079,50
VSQAFTVFLPVR,P04079,50
FNWETLIASR,P06715,50
FINELLPVIDSLDR,P09372,50
VANLEAQLAEAQTR,P09372,50
LSNAQVIDVTK,P0A6W5,50
QNLISVNSPIAR,P0A6W5,50
GGYFPVPPVDSAQDIR,P0A9C5,50
IPVVSSPK,P0A9C5,50
AAFDDAIAAR,P0ABC7,50
NISDDLR,P0AC59,50
GGLDPLLK,P0AC62,50
FAYVDILQNPDIR,P0AC69,50
ADVAPSNLAIVGR,P0AEP3,50
YVLSADIWPLLAK,P0AEP3,50
AVGDSLEAQQYGIAFPK,P0AEQ3,50
APVAGALLIWDK,P0AES0,50
TWAWETAFDQIR,P0AES0,50
VSEISIVGR,P0AES4,50
VVSLIVPR,P0AES4,50
LELVIQR,P0AES6,50
HPDTLLAAR,P17169,50
ILVPLTIEDAQIR,P22256,50
SIAGGFPLAGVTGR,P22256,50
AFTGVGGTPLFIEK,P23893,50
EETFGPLAPLFR,P25526,50
FFSIDGTK,P31120,50
ILVIAADER,P31658,50
AEAAEINLR,P33195,50
LTDILAAGLQQK,P33195,50
FGALEYR,P37747,50
YQGIPVGGYTK,P37747,50
AAVLLADSFK,P63224,50
SGDWAYR,P77454,50
LLGQTSVDR,P03023,350
FGAIGIGSR,P03817,350
VIASELGEER,P08997,350
VIDGQINLR,P08997,350
ILDVLIPPAK,P0A6H5,350
LLIEEEAAK,P0A6H5,350
TEELLTLPANEVLWR,P0A6Y5,350
AQALWTR,P0A6Z3,350
GPVATVLVR,P0A705,350
TSLLDYIR,P0A705,350
FLEEGDK,P0A707,350
LTGLEGEQLGIVSLR,P0A707,350
LGIPYVFK,P0A715,350
TGAVINVK,P0A715,350
LYTSLGDAAVGR,P0A717,350
VVADFLSSVGVDR,P0A717,350
AEIVASFER,P0A7A9,350
ESGALFVDR,P0A7A9,350
FFINPTGR,P0A817,350
NIVAAGLADR,P0A817,350
EQEVLVR,P0A9M0,350
NPLFLLDEIDK,P0A9M0,350
SLDDFLIK,P0ACF8,350
YSYVDENGETK,P0ACF8,350
YPDLQIIGGNVATAAGAR,P0ADG7,350
TWEEIPALDK,P0AEX9,350
LSGNTASGLPAR,P12281,350
TILEELGEIAFWK,P12281,350
LPGLYYIETDSTGER,P37647,350
TFYYWR,P37647,350
SAEILDR,P37769,350
GALIDSQAAIEALK,P52643,350
TAGVIGTGK,P52643,350
EVIYVDSPSK,P60785,350
FLFDEYVR,P67910,350
TVSVGGEVGK,Q46938,350
FNDGDFLR,P00490,300
VFLFGAK,P00490,300
GDISEFAPR,P05055,300
AVITGDVTQIDLPR,P0A9K3,300
VLEQSAESVPEYGK,P0A9K3,300
GQGIVLNEPSVVAIR,P0A9X4,300
NLAEGVPR,P0A9X4,300
EITLEAAR,P0AFF6,300
GAQLFVTR,P0AFF6,300
VSVSIFGR,P0AFG0,300
GYAGDTATTSEIK,P0AFH8,300
LLADDIVPSR,P0AFH8,300
TTGISVSTR,P0AFK0,300
TVQAALDIAR,P0AFK0,300
AEITLDYQLK,P0C0L2,300
VDAGFAITK,P0C0L2,300
IIAGNIINFSR,P0C0S1,300
SLVNTYQEILK,P15288,300
ADGIGSLLPAAR,P21165,300
ALQLGIEASNINPK,P21165,300
TFLDTR,P23843,300
AAADEWDER,P25738,300
ETGQSFLDNILSR,P27298,300
YSDVGLVTPLR,P31677,300
LAGITVPDR,P33599,300
LLASAAQENEPFWR,P37095,300
LYTSSWR,P45577,300
QLLNEFPELK,P63020,300
DFGSVDNFK,P00448,425
EFWNVVNWDEAAAR,P00448,425
AAADLISR,P00452,425
DAPDYQYLAAR,P00452,425
ELANVQDLTVR,P02925,425
VIELQGIAGTSAAR,P02925,425
ISGDYAYGWLR,P07012,425
SYVLDDSR,P07012,425
ASAQLETIK,P08839,425
EENPFLGWR,P08839,425
LIDSQDVETR,P0A7E5,425
AGAWYSYK,P0A7G6,425
GYVPASTR,P0A7Z4,425
EIEEGLINNQILDVR,P0A800,425
TTVIALR,P0A800,425
INVFDR,P0A805,425
QLASVTVEDSR,P0A805,425
LGIQAFEPVLIEGK,P0A8T7,425
SVITVGPYLR,P0A8T7,425
LGDLPTSGQIR,P0A8V2,425
YDLSAVGR,P0A8V2,425
ELTLWESR,P0ACA3,425
AIVEAAGLK,P0AF93,425
VLDLASPIGR,P0AG30,425
DWQPEVK,P0AG86,425
LDLDTASSQLADDVYEVVLR,P0AG86,425
GQFAAVPLNILGDK,P23721,425
YGVIYAGAQK,P23721,425
AIGINFIDTYIR,P28304,425
QSGFLDPVNYR,P37194,425
SVDDVIAQVK,P60651,425
YDAVIALGTVIR,P61714,425
TQVNNAVSVDEK,P69797,425
ILEVSLDR,P77243,425
FTAAEFR,P00956,175
TGDIGLFR,P00957,175
IDDIDLNLEDFVQR,P00959,175
SDEVLSDR,P00961,175
VIPATILGIQSDR,P00961,175
SVEENLALFEK,P00962,175
TALYSWLFAR,P04805,175
APLVEELYR,P06612,175
SDAYFVLR,P06612,175
GFLQTLAR,P07118,175
TAISDLEVENR,P07118,175
VAVATIGAVLPGDFK,P07395,175
NWVSPVDAIVER,P07813,175
NYTIGDVIAR,P07813,175
SQAIEGLVK,P0A850,175
GNFDLEGLER,P0A853,175
FNPLDR,P0A855,175
LAYVTFESGR,P0A855,175
AQTFTLVAK,P0A862,175
IYTFGPTFR,P0A8M0,175
TNLIGAVAR,P0A8M0,175
VFEINR,P0A8N3,175
GIPTLLLFK,P0AA25,175
QYATTYINIVGK,P0ADG4,175
LANAVGIGAVK,P11875,175
LGLDTLGIETVER,P11875,175
AVEGSSFPQVALLVR,P16659,175
TGDIVEYLVK,P16659,175
FGFLLDALK,P21889,175
LIVVTGLSGSGK,P0A698,325
NEETLEPVPYFQK,P0A8F0,325
YQGEYVAGLAVK,P0A8G7,325
AVVTPLPR,P0A941,325
LLIDDLSFSIPK,P0A9W3,325
NISLSFFPGAK,P0A9W3,325
NADLPLAQAAIDR,P0AC02,325
GAWVAVVNR,P0AC03,325
SGDTLSAISK,P0ADE6,325
VLLGVAGFQAR,P0ADE8,325
AGLNEIR,P0ADS6,325
SVSLGVAQPDAYK,P0ADS6,325
DDTWVTLR,P0ADU5,325
ISDDLYVFK,P0ADU5,325
IVTGVTASQALLDEAVR,P0AFP6,325
NAIDWLSR,P0AGE6,325
NDIEGLATLFSNHIPDYR,P21367,325
NNVLALGDLAK,P21367,325
LEQELVLLAQR,P23839,325
YLETYFR,P23839,325
NLGLDVLDVVNLR,P25906,325
LGYQVVAVSGR,P26646,325
VVALGSAAQDK,P27250,325
ELVHNVALR,P32132,325
LDYVIPSR,P32132,325
ADQINEAYER,P75691,325
GADVLVLTSGQTDNK,P75694,325
FNAIGEAVK,P76177,325
VVADLYK,P76177,325
AESWLPAWPHLGGK,P76347,325
TVTASLANNGASDNK,P76347,325
TIPLQDQDTR,P77395,325
YQGLVAQIELLK,P77395,325
LVFITDTVQPVINQGGTK,P77717,325
AISLSGEAQSGR,P77804,325
ALAFAQR,P0A6D5,275
EADFDILEWR,P05194,275
EEWAGFR,P0A6E1,275
EIHQDLNGQLTAR,P00888,275
EVAHIIIDATNEPSQVISEIR,P0A6E1,275
EVLEALANER,P0A6D7,275
FADVLEK,P0A6D3,275
IAVDAIR,P00887,275
ILLIGAGGASR,P15770,275
LILPLAIGK,P07639,275
SLLLVDSALR,P00895,275
TIIGFGSPNK,P27302,275
